<application>
  <component name="ExternalResourceManagerImpl">
    <resource url="http://www.springframework.org/schema/beans" location="$USER_HOME$/.cache/JetBrains/IntelliJIdea2020.3/extResources/d83fe593_spring-beans-4.3.xsd" />
    <resource url="http://www.springframework.org/schema/tx" location="$USER_HOME$/.cache/JetBrains/IntelliJIdea2020.3/extResources/572c0afd_spring-tx-4.3.xsd" />
    <resource url="https://www.springframework.org/schema/beans/spring-beans-4.3.xsd" location="$USER_HOME$/.cache/JetBrains/IntelliJIdea2020.3/extResources/38fbf776_spring-beans-4.3.xsd" />
    <resource url="https://www.springframework.org/schema/tool/spring-tool-4.3.xsd" location="$USER_HOME$/.cache/JetBrains/IntelliJIdea2020.3/extResources/93b79a08_spring-tool-4.3.xsd" />
    <ignored-resource url="http://www.springframework.org/schema/context" />
    <ignored-resource url="http://www.springframework.org/schema/mvc" />
  </component>
</application>